Alcohol,Malic_Acid,Ash,Ash_Alcanity,Magnesium,Total_Phenols,Flavanoids,Nonflavanoid_Phenols,Proanthocyanins,Color_Intensity,Hue,OD280,Proline,Target
14.23,1.71,2.43,15.6,127,2.80,3.06,0.28,2.29,5.64,1.04,3.92,1065,0
13.20,1.78,2.14,11.2,100,2.65,2.76,0.26,1.28,4.38,1.05,3.40,1050,0
13.16,2.36,2.67,18.6,101,2.80,3.24,0.30,2.81,5.68,1.03,3.17,1185,0
14.37,1.95,2.50,16.8,113,3.85,3.49,0.24,2.18,7.80,0.86,3.45,1480,0
13.24,2.59,2.87,21.0,118,2.80,2.69,0.39,1.82,4.32,1.04,2.93,735,1
13.05,1.65,2.55,18.0,98,2.45,2.43,0.29,1.44,4.25,1.12,2.51,1105,1
12.37,1.07,2.10,18.5,88,3.52,3.75,0.24,1.95,4.50,1.04,2.77,660,1
12.33,1.10,2.28,16.0,101,2.05,1.09,0.63,0.41,3.27,1.25,1.67,680,2
12.64,1.36,2.02,16.8,100,2.02,1.41,0.53,0.62,5.75,0.98,1.59,450,2
13.67,1.25,1.92,18.0,94,2.10,1.79,0.32,0.73,3.80,1.23,2.46,630,2